Resume_ID,Job_ID,Score
0,113,0.23060846264950377
1,154,0.27261765612484884
2,402,0.31340877289111435
3,852,0.25220559686756894
4,481,0.5069889241023756
5,849,0.2075199099859446
6,399,0.30248365472949895
7,402,0.36955393040490436
8,481,0.33421325859688455
9,481,0.3621919485221074
10,396,0.28993668483783547
11,481,0.4052851969643517
12,812,0.2394646832726925
13,402,0.3566472293140543
14,396,0.33259281081115216
15,197,0.24239730244854538
16,481,0.3627937264236932
17,402,0.33848904534331503
18,402,0.2947264992702679
19,399,0.39956363275892365
20,480,0.2253710617355665
21,264,0.3260601664174531
22,481,0.36343356214494493
23,396,0.37169271666745823
24,402,0.3769686298188731
25,397,0.2793210830206819
26,397,0.3020879483005821
27,396,0.32371260444838645
28,481,0.23820378520850335
29,475,0.16757643366206793
30,481,0.33989385614975803
31,481,0.42389002026693573
32,399,0.3795030537085214
33,402,0.33715449130641884
34,402,0.21844036542279865
35,399,0.34759149401730965
36,397,0.3107251134752263
37,481,0.3124920455232573
38,182,0.192059400400178
39,402,0.2919219652251061
40,399,0.27037904876817564
41,481,0.31464180536050934
42,397,0.35330709805369864
43,553,0.2415228874065645
44,402,0.22645773479126477
45,397,0.18027632288167222
46,481,0.3268815224332257
47,481,0.3107663983508451
48,397,0.3529837020695069
49,264,0.32346567690235395
50,402,0.2921761207176394
51,402,0.30600086552655287
52,402,0.3649121958878637
53,264,0.3733185249333632
54,397,0.2937146356898797
55,264,0.3751949154685872
56,396,0.2082806670723989
57,402,0.34093612685154306
58,481,0.48369357394324974
59,126,0.15282969407828834
60,397,0.33595887033711297
61,481,0.283368615694779
62,483,0.2647723147959616
63,397,0.18605396108211658
64,481,0.2662369749752303
65,399,0.41393235322738714
66,690,0.3139169406756033
67,402,0.40394200296565924
68,481,0.42579927912155113
69,481,0.39708974013542375
70,402,0.3516000791963116
71,481,0.32944293820359755
72,481,0.3601983447685857
73,402,0.27562565486922874
74,420,0.31063502114367586
75,397,0.33095605892466873
76,123,0.1863954050313953
77,481,0.3650311455620745
78,481,0.33106972879878843
79,481,0.2748819586945224
80,264,0.2840492683600007
81,396,0.4257124674212426
82,401,0.16033612333426056
83,399,0.30009475011944303
84,402,0.2638188092450698
85,397,0.4377747014957193
86,399,0.2824640910351898
87,264,0.5218688275127489
88,481,0.3924025653883816
89,402,0.315488306931353
90,397,0.40866552869357753
91,264,0.4844467857777872
92,481,0.46486047479677045
93,481,0.3621549841875248
94,481,0.36481648635693537
95,396,0.34206814937380425
96,622,0.27634689480696906
97,852,0.2392474982615709
98,481,0.24218306915758223
99,481,0.22005703849852587
100,402,0.2508618804276526
101,481,0.4655578605473835
102,660,0.303481384979718
103,405,0.30239185648995404
104,402,0.3092032952296233
105,269,0.3442416041235907
106,397,0.2876582798384599
107,399,0.20863865619377459
108,481,0.2927830586047284
109,481,0.2819602550834933
110,6,0.252920651733709
111,378,0.2202222235564555
112,67,0.11814357193800605
113,6,0.2371662076851119
114,748,0.3314948144476105
115,378,0.32457333385948084
116,245,0.1407939201481373
117,610,0.12834983398335306
118,6,0.21235384473671115
119,6,0.2575135615572197
120,14,0.23907457699911244
121,444,0.23884907322658677
122,740,0.3723870655407076
123,475,0.2769458648965055
124,374,0.21221365954008833
125,615,0.27328665147444325
126,6,0.23692022657855516
127,487,0.4051794341560582
128,767,0.3617808097346045
129,746,0.294570622487325
130,748,0.22703313590464538
131,748,0.256827839618994
132,767,0.24292553908723938
133,8,0.09860509334883542
134,770,0.3938700037649488
135,765,0.3176939162623224
136,367,0.23099942122788944
137,769,0.2917473291383763
138,160,0.19629740876774437
139,746,0.38202805448784893
140,746,0.2711864409879848
141,748,0.3465802576687013
142,405,0.2259736240499092
143,746,0.30806718977903463
144,343,0.2573965366956325
145,748,0.31117326089898945
146,84,0.21520059485944748
147,6,0.3564934849950556
148,475,0.16541639620684345
149,461,0.3004446395907785
150,748,0.2529700490589887
151,378,0.42193390355755594
152,592,0.26345666746327123
153,6,0.10110643038408287
154,518,0.22069380346293738
155,6,0.26273662112701857
156,6,0.391130291124379
157,746,0.4598095377666445
158,6,0.21341863392018892
159,748,0.30311057715484063
160,124,0.1244626608306848
161,14,0.27055016660554954
162,387,0.257333322230175
163,6,0.18542299584207206
164,6,0.1961542905047791
165,750,0.25690021569030824
166,343,0.24154241306569918
167,693,0.35550030935522325
168,748,0.2800618348261677
169,638,0.12175413097924971
170,748,0.24614967358355852
171,746,0.38636294182546727
172,343,0.1537918119790588
173,237,0.20310072423218217
174,167,0.1527275263277822
175,6,0.1479644910245115
176,6,0.3938462636197243
177,406,0.09335357362683255
178,378,0.3289929670740432
179,154,0.25120651543916533
180,807,0.21086585195986696
181,8,0.1159185097187031
182,6,0.24763973809181128
183,746,0.28263391653191106
184,343,0.3502600565653902
185,602,0.23228824555507557
186,378,0.258729083421242
187,367,0.21191436391776935
188,748,0.33833455447803534
189,748,0.24331738860747157
190,746,0.34091125612984097
191,748,0.11826451517696387
192,746,0.3218691979464735
193,748,0.2199782428158925
194,475,0.2702193513129508
195,602,0.31040718708287185
196,45,0.2399600776655604
197,748,0.3204596635546355
198,6,0.18681918725914923
199,8,0.3440695825846584
200,81,0.3252305505945703
201,154,0.325114483407523
202,748,0.27651286627728167
203,746,0.46878359521247137
204,852,0.3255815464874615
205,113,0.21345060557235218
206,748,0.2281932594443268
207,660,0.1166205578273008
208,750,0.4248278032222371
209,475,0.26113055290630255
210,6,0.3708874557670797
211,748,0.2554552056426001
212,746,0.3007446440961204
213,407,0.18330346201275585
214,612,0.3011760613400551
215,81,0.45668244191007523
216,149,0.16390796095151716
217,700,0.21584292406865088
218,703,0.2381087696466688
219,437,0.192008266432749
220,468,0.1985991450136655
221,311,0.22122872581480668
222,701,0.27821139851194726
223,468,0.29469950101420717
224,437,0.3311565927261906
225,150,0.252549640897078
226,343,0.25735379140435727
227,442,0.30912671651887186
228,343,0.3197492154804112
229,702,0.2640226982277558
230,560,0.2475773022671827
231,437,0.3077486859060463
232,437,0.4153098487039708
233,437,0.23511962456591456
234,702,0.3400306409740244
235,807,0.24146362763684426
236,700,0.30686600611009707
237,702,0.29229923595631885
238,701,0.2899097136735115
239,702,0.21164760940117117
240,475,0.13752795961898498
241,437,0.31887643191610016
242,703,0.3137299964847175
243,472,0.29542024063789424
244,700,0.3377653355570359
245,767,0.22765801155503118
246,852,0.2988975048267234
247,442,0.29339606866758605
248,702,0.20032176736875737
249,700,0.2051673409195174
250,700,0.2605831695420944
251,442,0.33440449118573096
252,610,0.14780413258559622
253,702,0.2998312856036181
254,701,0.308799214795291
255,468,0.23606064543800379
256,338,0.3091056177076966
257,701,0.17979210803714177
258,437,0.3230113644008844
259,437,0.4176266262746073
260,703,0.2070728792154459
261,703,0.18502721372963035
262,434,0.25552364137240957
263,767,0.325815391157548
264,437,0.28331591306354337
265,245,0.16339913170188824
266,437,0.26475049280322827
267,510,0.27531777454564754
268,349,0.32669831947398414
269,793,0.21538064331386383
270,700,0.2964052331669998
271,317,0.21719862826194125
272,442,0.33729224916438655
273,562,0.22723051147424625
274,700,0.2805333555993065
275,702,0.2245698027063414
276,528,0.29948688621749364
277,442,0.2715748848889094
278,437,0.28577928165439753
279,437,0.3796347867814612
280,472,0.26587853100434466
281,700,0.2828648843879143
282,442,0.29871551886042685
283,701,0.2798060438563826
284,343,0.22834088369003253
285,702,0.2203398250213688
286,748,0.21191251614631923
287,700,0.2769797814146661
288,702,0.21238059100095216
289,701,0.17547583129764513
290,700,0.24100400646117418
291,767,0.2528526889692294
292,560,0.32147776482618134
293,700,0.2780395025903027
294,700,0.2572551719748585
295,245,0.2935927159950087
296,767,0.3526757697914075
297,63,0.25834337258367085
298,440,0.3512453076917039
299,762,0.26978975709570885
300,442,0.30611535330253864
301,442,0.323425282687823
302,344,0.30736308527671913
303,766,0.2837861899677032
304,562,0.31145058926796887
305,702,0.21317640190001216
306,560,0.2491821600830482
307,852,0.3469341647261788
308,559,0.21456798377213046
309,63,0.22886687203429887
310,767,0.34909737507433497
311,472,0.21496669268986354
312,281,0.27840817619597374
313,10,0.2375151271831362
314,63,0.26107932242909787
315,465,0.23273871678335245
316,113,0.3035340765545737
317,559,0.2525488092160455
318,146,0.29681000158214715
319,63,0.24700987107877376
320,157,0.12216555244656724
321,703,0.32663617690976676
322,197,0.2918144287940571
323,559,0.2438606402203857
324,442,0.3406671281657761
325,151,0.21100768351520657
326,702,0.3310250225664204
327,437,0.35353786809987753
328,317,0.40764481474335607
329,437,0.30291926885063425
330,703,0.28820442354730935
331,539,0.328385794115242
332,702,0.26381152588014306
333,701,0.30733051630058594
334,702,0.326134052956862
335,560,0.20806912236499198
336,689,0.2068597497823877
337,475,0.32797072787906556
338,475,0.2989072039376255
339,475,0.24212274414784793
340,128,0.3314694623311039
341,475,0.3323107224540108
342,475,0.3289997793645795
343,516,0.12000764771014479
344,475,0.413989215791564
345,475,0.43007551551785034
346,475,0.397431338025319
347,475,0.32652110264496903
348,475,0.1918084654564299
349,475,0.3290920052650159
350,475,0.3928105637320733
351,475,0.19860265343616101
352,470,0.3480416519698442
353,338,0.3087497121424833
354,197,0.190792759780005
355,475,0.35865218487798617
356,475,0.2681542026053785
357,475,0.29063684774920634
358,679,0.2856012479945587
359,475,0.38145643812541213
360,656,0.1796317424083054
361,475,0.2214549092066981
362,475,0.3096152124858991
363,338,0.30002961868126865
364,338,0.347163450492155
365,367,0.25539069445381096
366,113,0.1923092509355107
367,475,0.3327981930560874
368,475,0.19921560714091033
369,475,0.29597087056533267
370,338,0.3403039455930685
371,85,0.0743874446309572
372,138,0.2473039353653716
373,691,0.3063961636305633
374,475,0.3992124729395465
375,475,0.20610820915200626
376,475,0.2856233110362317
377,475,0.2798304548995073
378,475,0.2613201734382318
379,475,0.2715508353745185
380,475,0.32402297491213183
381,475,0.2693921562906779
382,650,0.24542153485163415
383,420,0.25584914596302927
384,475,0.2663817298673946
385,475,0.1938983946769482
386,338,0.32273010360801563
387,615,0.21583646023171899
388,650,0.25006973374421215
389,475,0.25261858932433934
390,475,0.19730047039623372
391,475,0.3890982093293997
392,475,0.24611492602437376
393,167,0.20022277693323548
394,475,0.14895814749016928
395,475,0.15258395002477096
396,475,0.41091795305745354
397,475,0.344011752233184
398,444,0.13824679406853155
399,475,0.37122565199184804
400,338,0.3198755149648282
401,338,0.21994744987671222
402,118,0.20068310042341198
403,519,0.1873703512197492
404,338,0.18016706206729724
405,338,0.16615334927799238
406,475,0.29568298045591496
407,715,0.11837933333836745
408,88,0.1954197683638687
409,157,0.28421982746120744
410,475,0.35976510526983935
411,566,0.2586131602881836
412,475,0.23767921694370164
413,650,0.13348633359146464
414,475,0.34487658874187554
415,475,0.3544926816999786
416,475,0.4465910372190979
417,157,0.1945842564992289
418,475,0.3067786629488492
419,475,0.3195536080466089
420,475,0.2360148233839168
421,659,0.2658397758200333
422,475,0.3955181654921398
423,338,0.2739939337736749
424,475,0.2533324387150258
425,475,0.26574034834131455
426,475,0.264430372909187
427,114,0.30990714798538677
428,338,0.37486911451340055
429,475,0.2786239674693896
430,475,0.3685838162963889
431,475,0.36484997476254233
432,475,0.19538826928562475
433,807,0.20068838048714677
434,475,0.34928368003685245
435,475,0.3509446158788692
436,475,0.2932288567148829
437,338,0.34193605672519084
438,343,0.29771106079586734
439,338,0.15281678923366115
440,812,0.3001233144121432
441,583,0.28060329666163086
442,599,0.2698293710099373
443,724,0.23946154764052266
444,338,0.3111763681612816
445,255,0.25243105532975013
446,778,0.2454606513732512
447,852,0.22012846305451508
448,615,0.3424203680562107
449,679,0.393991214452717
450,724,0.22840163481318004
451,812,0.19195999367129396
452,301,0.1725128464546065
453,852,0.36040950608255157
454,387,0.3738763998997623
455,180,0.35004403566455444
456,852,0.3979296789192188
457,342,0.22580899278051783
458,167,0.22137997507210805
459,380,0.3379538133068145
460,773,0.27106080277168787
461,723,0.42557881629092786
462,149,0.20019726434491952
463,303,0.17557884076512179
464,583,0.2181791492909002
465,679,0.30139333352467207
466,662,0.22663498636908375
467,852,0.29387142293999446
468,72,0.30839313075931324
469,681,0.2826589584998956
470,382,0.21326355108821846
471,610,0.2454409019000513
472,155,0.3601717141009107
473,367,0.2433928335707264
474,852,0.3001662456469457
475,304,0.24518729830373856
476,701,0.2455670968951211
477,852,0.31485156766341177
478,852,0.28461959793765884
479,629,0.22469869048809704
480,852,0.2353322363024787
481,852,0.4225840248880641
482,691,0.252501846700094
483,506,0.19024774793132648
484,304,0.145314215856026
485,852,0.24924050765631656
486,264,0.1790889010288654
487,852,0.22339590384220348
488,303,0.21062059111935597
489,852,0.2880854512891785
490,852,0.24131209016402191
491,747,0.2592889275137281
492,852,0.2895931897280392
493,449,0.2324162906539934
494,852,0.3730668144376831
495,724,0.4000684163736256
496,303,0.15700228241120973
497,679,0.24996038677391674
498,180,0.25481493265753563
499,812,0.27190578313154135
500,20,0.26459075062821497
501,852,0.3858346473211361
502,303,0.2604388507701625
503,724,0.23774637972867196
504,852,0.4320181754894742
505,475,0.280212609556619
506,852,0.24476590719720423
507,149,0.20512270063638263
508,587,0.3199282149846304
509,338,0.2900449896171192
510,380,0.32100249821488375
511,773,0.2651242448984526
512,773,0.2525319546275368
513,529,0.2595394644782873
514,773,0.3344718376995496
515,506,0.14700552239645273
516,583,0.17589788375564264
517,449,0.18603617601733002
518,662,0.17504936725223072
519,317,0.40414254081506434
520,338,0.2619904075188812
521,679,0.27722624258124984
522,154,0.2568548397311298
523,137,0.4533762313394725
524,351,0.25391970409733333
525,519,0.2310852475827302
526,656,0.3922776653195082
527,335,0.44737658368682354
528,839,0.42861135051429505
529,445,0.22025152241144183
530,740,0.22220923786205582
531,109,0.24132012421026644
532,852,0.33452420378572845
533,17,0.246937397322703
534,460,0.2036611091068039
535,134,0.33456970144117376
536,475,0.20129910009648166
537,839,0.46728144403114497
538,396,0.37002399026641336
539,519,0.21132095841214757
540,454,0.14929368814765348
541,402,0.1995618957310655
542,713,0.25400315164933357
543,691,0.34695713563037034
544,553,0.2822724510247919
545,756,0.19883074305884504
546,519,0.21629954714156466
547,245,0.2970060600864816
548,487,0.4049373821669299
549,456,0.4622988580638243
550,690,0.21882356936480798
551,317,0.35504020543584164
552,301,0.2633397663746548
553,608,0.3351135006452297
554,303,0.25081387704158803
555,338,0.3078781157467981
556,284,0.22986738466913434
557,763,0.37262364912329954
558,717,0.26350192101732334
559,113,0.21878844125774216
560,449,0.23366430353918147
561,852,0.30512733493437716
562,763,0.2886244554044778
563,413,0.26925206457790474
564,61,0.2481598481526016
565,264,0.2374568670477591
566,73,0.24572220475584466
567,222,0.2597669525411126
568,236,0.2567653991385837
569,529,0.22390419698040204
570,689,0.33657300526408035
571,61,0.262951201444807
572,852,0.5108544540135039
573,715,0.3465156091323953
574,689,0.20873491216309786
575,61,0.31973330404030503
576,689,0.2414619824686621
577,763,0.29803384194612575
578,57,0.23806118881178454
579,715,0.32617565400236986
580,109,0.213566309143835
581,113,0.37701919565686604
582,113,0.2627206072545836
583,113,0.2895094089197218
584,689,0.15909516826138387
585,763,0.26220557632749436
586,113,0.26481245479995014
587,89,0.1677918764476372
588,415,0.2350942001780078
589,264,0.2482358507817595
590,57,0.33570928178827364
591,402,0.2560933242479805
592,763,0.28382849425226025
593,708,0.2356785600767156
594,656,0.23907202712956366
595,763,0.31147708478397684
596,763,0.27997321946298737
597,763,0.3118716547564443
598,715,0.305639538741297
599,132,0.26650914187934976
600,113,0.35538582866256085
601,688,0.181696296576122
602,679,0.25726270135771917
603,113,0.30479443229807046
604,367,0.3296080042716522
605,61,0.2409234873756622
606,103,0.23239392852965615
607,754,0.31970167678074496
608,61,0.3037944132449818
609,763,0.33074165807871814
610,113,0.3226338270882772
611,763,0.3447219632005748
612,106,0.1925568447290698
613,715,0.2581342864530246
614,656,0.27380443693155404
615,763,0.20092298204789324
616,592,0.42816758175226427
617,106,0.2333074799128903
618,763,0.31718194880480227
619,61,0.23942637180819595
620,132,0.3237689896080681
621,763,0.3524856757640277
622,763,0.3554964059658563
623,776,0.21682249620775856
624,456,0.3392969212250098
625,565,0.28784500827401155
626,852,0.28208516325109184
627,509,0.2162022961838712
628,509,0.1942352838939501
629,560,0.2913616846918406
630,776,0.2360384786089939
631,689,0.2508732520129077
632,667,0.14129870804376857
633,816,0.2371077185689763
634,763,0.2265462401617956
635,420,0.281750193050181
636,763,0.22738351335171045
637,61,0.2867004473677488
638,816,0.2271094246886975
639,454,0.20713177317915327
640,113,0.2974478955181443
641,809,0.32179812429194493
642,852,0.26042702305784515
643,52,0.2915205540748557
644,61,0.28301614704216926
645,154,0.3463196519807966
646,717,0.3284292456165352
647,61,0.28351343342703994
648,715,0.25902355093140256
649,763,0.2808418887712351
650,216,0.23253088943937295
651,852,0.3900574771095722
652,61,0.38574052610980947
653,689,0.22402432092266358
654,112,0.20031357015968176
655,758,0.2545303681961458
656,0,0.0
657,113,0.3173055333598411
658,715,0.2550499185887973
659,113,0.3670005501546078
660,763,0.3382521039898089
661,114,0.3116425475543883
662,465,0.2287766935746471
663,746,0.3044825284073293
664,109,0.2484105826670556
665,449,0.2148317331210757
666,763,0.3078390240583696
667,715,0.3187144305873891
668,763,0.2643617914911641
669,343,0.21144183009731143
670,807,0.2158716587074613
671,529,0.28082311127098647
672,772,0.2960890177264482
673,763,0.3070413480652686
674,61,0.30672533828192855
675,180,0.2414109520159537
676,188,0.25946338204706104
677,380,0.3808669808653184
678,519,0.23666845823457677
679,399,0.2450961186490128
680,264,0.21516405877942718
681,519,0.22607589324714078
682,519,0.30816863178172005
683,679,0.3457484811587979
684,773,0.19413282183842084
685,681,0.2511120008256041
686,267,0.2561112164349762
687,491,0.3099285311541349
688,456,0.24968697971630657
689,656,0.27624743254613693
690,475,0.2954153758639181
691,656,0.333460575696203
692,656,0.4312302133007875
693,335,0.31009904310313363
694,345,0.17799834952272375
695,245,0.32831326208341904
696,679,0.3195566238242351
697,852,0.24759372427840878
698,837,0.20582568168237061
699,519,0.4272050708842721
700,519,0.2579885395052083
701,763,0.22385021018166543
702,180,0.24876298169149147
703,180,0.2517870071161932
704,852,0.4458147358327811
705,138,0.3743091092626062
706,345,0.2203260123678195
707,374,0.2979762718421559
708,456,0.26021107818182615
709,763,0.2834208971187367
710,852,0.3147396243482215
711,852,0.30589703726053924
712,852,0.26340037361135066
713,61,0.3463312840858563
714,516,0.18350396099716673
715,776,0.36360821485155126
716,683,0.23818695007540458
717,367,0.2121725591730067
718,837,0.46921775038761004
719,519,0.22287949770929777
720,690,0.3431980993852314
721,679,0.2544254003449704
722,790,0.1875319505840741
723,264,0.396089612682776
724,519,0.34871917646765566
725,754,0.26147899312170353
726,679,0.22986495353517084
727,852,0.2607578856816505
728,519,0.23049431804931267
729,656,0.3831787838468314
730,519,0.26602060489315144
731,519,0.379763228040199
732,852,0.4576617777446596
733,264,0.33472551562142094
734,138,0.19857726010889604
735,602,0.29212206414282604
736,723,0.32517634054609035
737,61,0.33277271375759776
738,344,0.3223525808822524
739,284,0.3280878773242421
740,656,0.34345643335185727
741,180,0.2776646185445852
742,491,0.2236418747809074
743,574,0.20578189963586152
744,519,0.3501765378006702
745,656,0.4522817027939752
746,765,0.18886620746381033
747,519,0.20973525618901667
748,462,0.2507092715704754
749,519,0.21209362012442048
750,180,0.2577545210453435
751,519,0.251919251081014
752,361,0.24901296546156262
753,519,0.25443536501985725
754,219,0.25106876641965165
755,690,0.2886980848723277
756,343,0.20202426549633062
757,740,0.2657117484864204
758,264,0.4503074989296529
759,747,0.23534552124194383
760,61,0.2960771512521383
761,656,0.43535739105797006
762,138,0.39825403665049064
763,180,0.2523882929082322
764,278,0.3655047310613642
765,519,0.44228446264298743
766,230,0.47920157876979075
767,480,0.24255879243026243
768,519,0.22514901906041573
769,656,0.4755382846425282
770,533,0.2137328358638283
771,88,0.2278605909313955
772,679,0.276390891128641
773,481,0.23805121481322172
774,409,0.3758521665100568
775,852,0.3030564809305124
776,180,0.26125589398392307
777,61,0.22095834480779306
778,610,0.25538797950670067
779,638,0.1974713845146271
780,690,0.2796563963781278
781,462,0.253950606073695
782,852,0.38211208288840826
783,656,0.43663089434858227
784,615,0.2482143958378415
785,519,0.4096056453896218
786,487,0.2738875354789094
787,519,0.2760111930571046
788,475,0.3115891879564853
789,479,0.22485727801723823
790,264,0.29603231747390985
791,656,0.44747935693826635
792,285,0.15195559825977834
793,284,0.4833510462087879
794,679,0.20470344384607447
795,284,0.47870303410519843
796,679,0.2027392817373257
797,155,0.12893646324664618
798,284,0.45194027091060573
799,284,0.23372470140858143
800,852,0.2006123484893907
801,284,0.1825354758249563
802,284,0.22292376645110148
803,284,0.32116650546159947
804,284,0.2204641001171136
805,284,0.38330060617764405
806,284,0.2564815714838249
807,348,0.1475397715092605
808,284,0.23121165037947647
809,111,0.20872709672942036
810,285,0.380274193384499
811,284,0.3669542964752581
812,284,0.2672192961535093
813,284,0.35337282930090763
814,284,0.5031296780869331
815,852,0.39831039823139575
816,284,0.4069182301818449
817,284,0.2542566773537892
818,284,0.4931277662650695
819,284,0.5051158636999725
820,284,0.4677470478183242
821,444,0.25556588875499736
822,338,0.14807649999432024
823,852,0.27267833652913775
824,285,0.286091689361208
825,284,0.2833419414835304
826,284,0.36569220518575524
827,681,0.19766242537097803
828,284,0.2552444694771315
829,284,0.33611552122980287
830,402,0.23617943756105952
831,284,0.34175392349854594
832,284,0.4476612093144749
833,155,0.10435246255829031
834,852,0.3201945578698848
835,284,0.44015080908681653
836,156,0.18162920840559865
837,285,0.2654125779404865
838,284,0.2843691559139464
839,111,0.24972426423876654
840,475,0.2698479162754273
841,852,0.3457538646987494
842,852,0.2288613297320415
843,111,0.2607215829228954
844,6,0.22183716850442087
845,284,0.3417396985465292
846,284,0.4000538365552016
847,284,0.38650760713784615
848,802,0.20832443034639136
849,284,0.3082109031987309
850,114,0.3056705376462181
851,284,0.21213422111175548
852,338,0.32601960624442566
853,114,0.34442777670355845
854,111,0.18236336328081992
855,284,0.4900705627951945
856,284,0.43123326765047454
857,284,0.4106143828430123
858,284,0.3895682928767407
859,284,0.1733323853299258
860,423,0.21847330444983643
861,807,0.17967491988157244
862,284,0.46217243607721364
863,20,0.2345767195891296
864,284,0.23002445571163682
865,61,0.3277124841570318
866,487,0.2200541286948712
867,852,0.5527499829802272
868,387,0.24601097695198684
869,852,0.2580744433012536
870,338,0.2891447134442507
871,656,0.34419924783073963
872,399,0.17069439504728778
873,656,0.32031024662593965
874,284,0.4598425930771291
875,837,0.4412857156131506
876,852,0.24931285354681623
877,324,0.25450459020909005
878,41,0.26378551802715394
879,656,0.38394908677653133
880,647,0.2205467211425921
881,188,0.2141224724051668
882,681,0.33149839232844747
883,583,0.19431903492727542
884,723,0.2979279173125894
885,70,0.22758599820017303
886,278,0.258163198961749
887,852,0.3592878091138724
888,852,0.3822430282159606
889,624,0.1883138307781003
890,340,0.20455816141752337
891,237,0.1860352854732552
892,284,0.3343859682810427
893,690,0.26510755666766084
894,852,0.1660685276162274
895,506,0.17409579464036368
896,284,0.28771225933537975
897,275,0.15336852738617426
898,717,0.24547284169051
899,852,0.4746228534835138
900,852,0.3668132041805999
901,180,0.198078967886033
902,572,0.3020425572364017
903,475,0.223039216016537
904,852,0.13497748427582415
905,852,0.4257722306245989
906,88,0.13455852852992592
907,367,0.25717253238194576
908,75,0.18807140761836588
909,345,0.13428094524815307
910,157,0.19239339283573617
911,188,0.21148149380316436
912,475,0.2776034402125583
913,254,0.21340727720069907
914,345,0.24841324203809997
915,475,0.379640008142139
916,475,0.3937470513012594
917,473,0.12498554994134321
918,650,0.2635756919094897
919,199,0.12282995942592906
920,681,0.2736316894747874
921,462,0.12000435593717945
922,544,0.20723779556513758
923,615,0.10955664707873378
924,367,0.1481732087954181
925,615,0.19314180655630536
926,63,0.30437682271711664
927,210,0.17166441604824037
928,238,0.19079962662051136
929,539,0.3467210394718065
930,392,0.14877602523012884
931,778,0.23582652386403966
932,160,0.33633555873640686
933,583,0.26410427650877155
934,236,0.16658747899055731
935,137,0.3770140799454219
936,852,0.29439591393514386
937,544,0.12424340262809079
938,145,0.17760683353773316
939,456,0.3119379118003802
940,295,0.290402686943911
941,335,0.2418567752158895
942,831,0.1804283126396115
943,681,0.1957669518004692
944,852,0.23887612381974424
945,154,0.2904630690685664
946,188,0.23631043198683416
947,191,0.3966358239856831
948,475,0.2507100356596023
949,317,0.22326921373312572
950,345,0.10332449239030607
951,620,0.19709205463707377
952,472,0.22165970918720737
953,560,0.32018134530483455
954,160,0.2029686175037928
955,715,0.18379958191969023
956,160,0.41328795791650047
957,456,0.21666337006889588
958,831,0.18347957626489195
959,155,0.24471820187491616
960,17,0.20549537070447735
961,489,0.17646101460827335
962,30,0.27585682688289176
963,409,0.36553045159798314
964,435,0.1758643968956422
965,310,0.23937503372115657
966,489,0.15758399088019404
967,145,0.2168329338291986
968,679,0.2629695111152316
969,301,0.19950909027814714
970,155,0.17664564231356375
971,345,0.12661065372715577
972,61,0.28098030493900084
973,506,0.21397061929473246
974,413,0.2205552642559106
975,583,0.21415753148982186
976,466,0.2157798411287288
977,399,0.3069762665008105
978,776,0.4740544146347178
979,553,0.21571953622150467
980,437,0.3578953511180921
981,852,0.2596860848099711
982,442,0.3637051272101709
983,611,0.2126238519518624
984,150,0.17235191940724456
985,264,0.4123659968571732
986,559,0.2315495826561519
987,675,0.42143674538905906
988,762,0.3240605772495384
989,802,0.2538804461671675
990,567,0.17082508433635885
991,758,0.17226827318796398
992,295,0.2136364784614539
993,773,0.27828958551743105
994,852,0.36301949155986785
995,367,0.32505695626833764
996,114,0.1756176869841547
997,61,0.2562626781210861
998,478,0.30489306791251786
999,852,0.24299676143634574
1000,444,0.31540408224869687
1001,468,0.27538097269721445
1002,111,0.19424180599841648
1003,852,0.2900147251104819
1004,852,0.36062818889799725
1005,852,0.33975933692898624
1006,154,0.4426085089478301
1007,579,0.2036349074457123
1008,61,0.18830924794320622
1009,45,0.2909719284441724
1010,763,0.19324309780759436
1011,61,0.36053575789642683
1012,443,0.3032592592231037
1013,475,0.21433428513310965
1014,852,0.27106140587258737
1015,719,0.24192081302085133
1016,444,0.2575443371342588
1017,620,0.22124437195565236
1018,405,0.40509980810158175
1019,133,0.23066189822945624
1020,744,0.2388830966600328
1021,776,0.33386182483227606
1022,111,0.18826744260500827
1023,61,0.2814407283066409
1024,61,0.2596002941536944
1025,61,0.25081562616127223
1026,61,0.18757083356513923
1027,444,0.3131435078297299
1028,387,0.34251350364032296
1029,387,0.2311730355072849
1030,155,0.13733238207382537
1031,826,0.22622082460728804
1032,367,0.22917846462295136
1033,123,0.17740475714077075
1034,387,0.2943222709903925
1035,387,0.17038653109772353
1036,114,0.2867668942868659
1037,61,0.19951689359341224
1038,812,0.2013361715571763
1039,378,0.19779898139134242
1040,465,0.2348358698350325
1041,387,0.24582602373148915
1042,818,0.210042144867479
1043,852,0.38006935333155256
1044,587,0.2358795711185335
1045,763,0.36667050103251697
1046,612,0.16113497828634843
1047,122,0.182582981226737
1048,852,0.21715140282637815
1049,649,0.19994922865402634
1050,719,0.21674842880110026
1051,529,0.16741200559570166
1052,114,0.27576076094823454
1053,351,0.20128228147137983
1054,820,0.15272423446686115
1055,367,0.29569629528250935
1056,444,0.2629769369618394
1057,387,0.32915470634768146
1058,111,0.20297630176215684
1059,444,0.33814354830675086
1060,109,0.32564793686268967
1061,61,0.24347675274617359
1062,444,0.26953735864421774
1063,763,0.25349624190369974
1064,61,0.3122872873042747
1065,757,0.16830445531002303
1066,123,0.2851609033004861
1067,852,0.537776621716782
1068,387,0.3173964429888624
1069,818,0.2998482606449369
1070,176,0.3361155061880171
1071,61,0.29848729359006665
1072,852,0.3182116207433241
1073,487,0.3983005925668672
1074,123,0.26328629430646
1075,529,0.33892906888306196
1076,61,0.37137985412905966
1077,61,0.23283819570885536
1078,61,0.33745475938891156
1079,367,0.2554401875451788
1080,351,0.29929198810466545
1081,61,0.26296166707656576
1082,367,0.30360218792680105
1083,82,0.2594803069636249
1084,818,0.3417408966246006
1085,61,0.24586578719764116
1086,222,0.2416157736407991
1087,852,0.2514791391762239
1088,367,0.36969806327723753
1089,852,0.23460000190193486
1090,807,0.15442497332076452
1091,465,0.3527605213347479
1092,61,0.2882875792946837
1093,444,0.34246433296515094
1094,367,0.35664030659062046
1095,529,0.18718447213539163
1096,114,0.18587363980961866
1097,61,0.349472187575492
1098,316,0.16142424317973475
1099,852,0.32258403592496887
1100,124,0.17539425075152335
1101,69,0.1889305340781729
1102,852,0.21519189128781008
1103,387,0.30248308131907053
1104,343,0.34554065207556134
1105,444,0.35321608859897874
1106,113,0.2638131681761717
1107,111,0.2055246081447799
1108,852,0.23916774733515553
1109,222,0.2696894242588142
1110,396,0.32539449923818975
1111,472,0.3196825390230357
1112,755,0.24537563795445375
1113,509,0.2756945130386785
1114,702,0.2583416900251189
1115,767,0.49496593226112817
1116,132,0.3383089962254017
1117,442,0.33377224142782963
1118,472,0.31456939457735755
1119,560,0.44926335407883566
1120,778,0.26825483027256164
1121,852,0.4271512636272884
1122,593,0.20770372830656847
1123,421,0.22717585454451922
1124,689,0.1858661215471621
1125,146,0.3535382310716723
1126,645,0.40236262122279975
1127,771,0.23557774788801933
1128,830,0.25498213353479354
1129,338,0.2374885615753753
1130,113,0.256106537218531
1131,769,0.17120007160521386
1132,754,0.22502150416843625
1133,690,0.20168997785481776
1134,443,0.1262995776083438
1135,113,0.24073910853303956
1136,343,0.41060892602986676
1137,245,0.25592730539039393
1138,472,0.22971055042722544
1139,701,0.27657066592679147
1140,301,0.2222913767358093
1141,273,0.2714206819044679
1142,767,0.3119489613184703
1143,373,0.2142232284439011
1144,402,0.19643738277076928
1145,763,0.2607316099079769
1146,188,0.17058449326207964
1147,767,0.4902383166148351
1148,654,0.2595818485792874
1149,102,0.21498276815058848
1150,708,0.2734465374169773
1151,509,0.23621441514398017
1152,437,0.31954408714420385
1153,437,0.3330570776877398
1154,37,0.25217914006932396
1155,61,0.2963599963270007
1156,456,0.40006180285413134
1157,442,0.3103884165892605
1158,401,0.15436936053729414
1159,839,0.3267875353668911
1160,437,0.367428733240006
1161,610,0.26143895667842704
1162,345,0.18555179311378472
1163,559,0.2514703557542368
1164,146,0.2477952311686687
1165,98,0.19549422628731317
1166,700,0.2638443474501174
1167,416,0.3491411862801127
1168,647,0.20230648891198297
1169,778,0.4049972929901061
1170,481,0.37057388905482935
1171,602,0.20747701006613706
1172,778,0.20483102135831527
1173,281,0.32220383673736536
1174,802,0.126039801297017
1175,478,0.21301305311943897
1176,437,0.30742292976742575
1177,456,0.1505173129753909
1178,399,0.2886123674673953
1179,702,0.2147931837993006
1180,767,0.5140206866065948
1181,608,0.23763487604118408
1182,317,0.38523740710416327
1183,583,0.282373849065993
1184,254,0.2029453315284959
1185,456,0.3483025320250139
1186,841,0.18643927471643093
1187,437,0.4024954695179889
1188,113,0.2690414421594888
1189,401,0.15905670059842425
1190,437,0.31677035616738647
1191,151,0.23611939139507124
1192,679,0.25404987641106835
1193,852,0.3522795126520086
1194,550,0.25576778495885666
1195,767,0.25737226592831985
1196,236,0.3954166860975367
1197,343,0.25498178637127217
1198,763,0.1972254312086959
1199,61,0.1965414131174508
1200,480,0.15842539881635317
1201,245,0.21436319549108868
1202,689,0.22043979827678625
1203,113,0.30916418259445566
1204,405,0.28274592832176754
1205,778,0.1788758087396592
1206,338,0.21113940050420682
1207,456,0.24313198013548704
1208,106,0.391267217027218
1209,852,0.2510985478588263
1210,33,0.11414449871949174
1211,769,0.2136225566983531
1212,852,0.26906936405246235
1213,518,0.22738763584616273
1214,73,0.2527151346075355
1215,510,0.17652252014047867
1216,509,0.2739526937807477
1217,759,0.3077571377617797
1218,465,0.3772121353575709
1219,614,0.21047839431990603
1220,61,0.2764747607768924
1221,588,0.3134256941931277
1222,70,0.3182182379626304
1223,137,0.2208692270462962
1224,113,0.4522621611755597
1225,278,0.36613820901402544
1226,545,0.22848647806710978
1227,614,0.29679960927528853
1228,278,0.36584781644972614
1229,433,0.21252840218153699
1230,61,0.380617857269279
1231,278,0.3204307980209576
1232,562,0.23849699281748118
1233,683,0.22191602100087604
1234,442,0.2544131763691217
1235,715,0.2669958314062199
1236,770,0.420299436239207
1237,550,0.37006325534879875
1238,562,0.2842865044764517
1239,278,0.2867210785759919
1240,278,0.3222280466867082
1241,113,0.3606508800627153
1242,750,0.29487078219682505
1243,709,0.30507484602317564
1244,111,0.15916752266651996
1245,507,0.14841106330470816
1246,402,0.3783349641566939
1247,193,0.22160194088491217
1248,113,0.31591458685276746
1249,277,0.2842635742914029
1250,278,0.36892735748067
1251,63,0.2493518672948487
1252,278,0.3688681058446656
1253,8,0.2636533509086542
1254,113,0.37400001974703945
1255,612,0.20080449389571975
1256,545,0.22720933039447241
1257,602,0.3013705513188349
1258,612,0.22901315633448022
1259,113,0.37992471722590276
1260,550,0.355379219406596
1261,754,0.3608609528715911
1262,714,0.36750494446238546
1263,409,0.25161091734478264
1264,246,0.35682716808223036
1265,278,0.3167661198349825
1266,852,0.2057868004699365
1267,541,0.33099668268372673
1268,550,0.4217036666726144
1269,734,0.11438492248109006
1270,620,0.25161223686363443
1271,313,0.2773271078787259
1272,278,0.2592747757349926
1273,589,0.34710856711094745
1274,154,0.39090696000945313
1275,278,0.21693553497427392
1276,580,0.17985635168796524
1277,278,0.3266979950521659
1278,154,0.36588640986089155
1279,278,0.33272350757569846
1280,278,0.4012186494293423
1281,113,0.43639076299557084
1282,311,0.3164937440533711
1283,754,0.3362475540875477
1284,654,0.21038462490762103
1285,340,0.3791628825292128
1286,559,0.29374602718459375
1287,340,0.25318157562361465
1288,229,0.2119511635002495
1289,228,0.1633219570025167
1290,154,0.31787095729158715
1291,654,0.3680993866290424
1292,278,0.32927373882747685
1293,654,0.2870173146387172
1294,573,0.19773171706187403
1295,323,0.21520263994556255
1296,437,0.24185773513381756
1297,545,0.23701926818139438
1298,278,0.4360043166758929
1299,278,0.43500568339897444
1300,278,0.5089675576778506
1301,278,0.3408159790781393
1302,433,0.23695141693456975
1303,465,0.2657913306124334
1304,278,0.47208413588010895
1305,154,0.34163576286178615
1306,748,0.25055632377002635
1307,8,0.31448763144717184
1308,748,0.20220667168200107
1309,278,0.2690721538922022
1310,244,0.24517188897737544
1311,276,0.2405230690422863
1312,113,0.44403295008219157
1313,545,0.2432026653116152
1314,113,0.4717434170697131
1315,709,0.38718075554906783
1316,433,0.3429634045170034
1317,541,0.3371459138970035
1318,230,0.485379981949178
1319,278,0.3588025533717587
1320,113,0.3384574298822382
1321,211,0.22590741143056395
1322,852,0.1651791659931672
1323,539,0.2722758266617039
1324,773,0.2249314941312323
1325,167,0.3048857888242788
1326,650,0.29697971991328276
1327,409,0.2515168956445495
1328,106,0.2746627400251065
1329,180,0.22093752818442
1330,812,0.1997282776178957
1331,168,0.23993857466343355
1332,54,0.14875811966880245
1333,302,0.32703980724563414
1334,852,0.2557481366985726
1335,567,0.29020055412894996
1336,581,0.21122277004335338
1337,399,0.2345271399274694
1338,167,0.38941798122764326
1339,465,0.2744374692276144
1340,610,0.1780026455193393
1341,852,0.22671767230249243
1342,645,0.207886787967538
1343,402,0.19681490471908367
1344,472,0.24765628944847934
1345,773,0.19704623875771607
1346,102,0.24037692346960746
1347,852,0.4498166519188054
1348,212,0.24315483984347147
1349,437,0.36921543497417
1350,852,0.22912367782958265
1351,852,0.521685379162233
1352,852,0.27701464685695243
1353,198,0.17270796089653992
1354,445,0.15722773604417878
1355,194,0.31237754091331277
1356,539,0.12026346207524298
1357,679,0.3885096212708668
1358,45,0.2749247249390221
1359,852,0.2641812989695467
1360,718,0.27443667749171125
1361,88,0.31613541851193955
1362,85,0.213980124673943
1363,406,0.12532580935457308
1364,718,0.2695957452713214
1365,88,0.2564380549998961
1366,123,0.21871953390393614
1367,85,0.24962688236696126
1368,587,0.19441876091068927
1369,85,0.16573801497182442
1370,834,0.10306141420173928
1371,759,0.22087680498433915
1372,85,0.17487173497391176
1373,85,0.2560913427833429
1374,111,0.16689436285254117
1375,718,0.2008901955841776
1376,123,0.25670663913980113
1377,123,0.15894234252579106
1378,85,0.1720589000358157
1379,85,0.20629457608257074
1380,85,0.19531324767439173
1381,606,0.23435782027010815
1382,85,0.20770110915833992
1383,852,0.2712881812159689
1384,85,0.29746595815792465
1385,73,0.20728451192711927
1386,88,0.23628332464838947
1387,322,0.15588469994466886
1388,607,0.238052855385976
1389,123,0.19646757787353675
1390,424,0.15494915363551973
1391,389,0.14801607939316558
1392,123,0.2369095277345132
1393,85,0.14823398200197738
1394,807,0.13951468102646564
1395,88,0.24434144245915784
1396,715,0.19337139326986857
1397,85,0.24915488330566674
1398,759,0.24965699842765643
1399,136,0.10637816292303881
1400,419,0.14123906427294275
1401,88,0.2599370087345908
1402,88,0.18839276004152786
1403,759,0.1649395583684101
1404,790,0.13303101390112124
1405,88,0.18690454316344235
1406,88,0.2438784020805045
1407,85,0.15928614999602406
1408,123,0.23483083323570503
1409,88,0.2764597958089467
1410,88,0.20922136369937608
1411,554,0.18068098341862784
1412,85,0.25521507018793643
1413,85,0.2191693875722129
1414,88,0.269976614747429
1415,85,0.22300072360634068
1416,85,0.2778422805370386
1417,85,0.2212610760528977
1418,88,0.2602191508704694
1419,759,0.2101341956540362
1420,85,0.20360366989499906
1421,89,0.17968485342410268
1422,56,0.17439024063836361
1423,718,0.16747029107877448
1424,759,0.102620553803539
1425,759,0.12864118145411352
1426,85,0.14565304854812028
1427,85,0.24895633625334176
1428,763,0.1962293247735661
1429,85,0.18881758909717455
1430,759,0.20204454343630562
1431,85,0.256058808333849
1432,85,0.16906091078091767
1433,85,0.23620142459085072
1434,85,0.14599886849010185
1435,759,0.21454841887575454
1436,85,0.2766594891019416
1437,85,0.26191330978406224
1438,759,0.2312486060144495
1439,85,0.20000847217147416
1440,85,0.18005988231275027
1441,89,0.2136970957106273
1442,85,0.20252438360026778
1443,88,0.18989893401936178
1444,236,0.281444568135129
1445,759,0.32448398217185215
1446,679,0.34742404197435234
1447,88,0.2659038896193369
1448,654,0.11888324876950947
1449,85,0.16318531792771432
1450,475,0.1443159770583874
1451,85,0.22375076138631597
1452,89,0.1910278078763459
1453,61,0.26499505382937266
1454,122,0.13866795046930386
1455,566,0.17470405046910178
1456,303,0.1807466924664278
1457,475,0.21555315067029399
1458,85,0.21461879847054577
1459,852,0.22653633005339874
1460,583,0.25355714297052984
1461,763,0.20240105966790173
1462,37,0.1700189922727216
1463,852,0.33030535728737725
1464,387,0.2607561947789115
1465,123,0.21766050618936017
1466,180,0.22763695152291877
1467,602,0.31192720838174315
1468,88,0.2594413423465687
1469,85,0.19056920266432809
1470,89,0.21737951112664503
1471,475,0.25889235707235614
1472,106,0.22340168904706562
1473,718,0.2533944857958255
1474,88,0.2353370035618809
1475,456,0.24930862797072262
1476,188,0.16225679863819958
1477,456,0.4051386530775009
1478,413,0.18780035581172216
1479,454,0.22248066013331078
1480,456,0.25868705703406764
1481,778,0.3880285475962644
1482,456,0.25418272473052694
1483,573,0.37948955934943146
1484,722,0.3178656854558885
1485,573,0.42635142373970514
1486,420,0.22570358471745244
1487,456,0.3873578374510977
1488,719,0.17747559264007406
1489,420,0.2617876557947639
1490,570,0.2522010112024865
1491,456,0.3514242455596016
1492,456,0.340821897016854
1493,420,0.3823407768384042
1494,573,0.34047184313381934
1495,154,0.2473365514660078
1496,454,0.2765176987578063
1497,778,0.2167642915759488
1498,778,0.2506000362918904
1499,420,0.2715209812640672
1500,778,0.21281111921559318
1501,61,0.23628564887433184
1502,456,0.3251724910811118
1503,453,0.21012019519805328
1504,133,0.24286114026909006
1505,456,0.3759760458294792
1506,456,0.31441524654061
1507,456,0.3580180569036619
1508,544,0.21945538148230934
1509,570,0.2522010112024865
1510,567,0.2735105665620635
1511,778,0.17650674350088233
1512,456,0.34902261234268933
1513,420,0.25354114068081857
1514,778,0.23405639532290373
1515,420,0.41050281454488463
1516,573,0.2608892965656395
1517,456,0.3772463966417272
1518,456,0.28074388678172973
1519,61,0.20377943170671547
1520,420,0.22735766728710605
1521,420,0.31685172854112237
1522,456,0.2691992351658531
1523,413,0.16336443573063275
1524,573,0.32556686798034834
1525,420,0.346644474729665
1526,133,0.2350488838689228
1527,598,0.2195843878447114
1528,456,0.33849007736979736
1529,567,0.26810111379420737
1530,567,0.21923601478292776
1531,456,0.2797029492527929
1532,567,0.4149315384339275
1533,579,0.3651901409312046
1534,456,0.345101756535595
1535,456,0.31748546954475926
1536,456,0.34717448517535204
1537,295,0.2549074972660069
1538,307,0.23239064390655068
1539,704,0.18606908299269492
1540,456,0.3278288654817413
1541,454,0.29189606682630237
1542,454,0.2713274495686554
1543,457,0.244429089598466
1544,343,0.2593732314971063
1545,456,0.24606362527748918
1546,437,0.3120200677966689
1547,758,0.2425852951827588
1548,553,0.2010726507303189
1549,456,0.2924882981682241
1550,454,0.26507341936247814
1551,804,0.4036738640662085
1552,456,0.3162171727572686
1553,456,0.3398556358621237
1554,715,0.30882175599210443
1555,573,0.25630149455975926
1556,622,0.21227973269644235
1557,573,0.2987274301145501
1558,456,0.32478686486842007
1559,344,0.3070091376621107
1560,420,0.2228896810648602
1561,456,0.2705583929914573
1562,10,0.27090227157072827
1563,456,0.3178073512734991
1564,456,0.28802267151514716
1565,812,0.22254394771925906
1566,804,0.30180680916035135
1567,420,0.3744832464097262
1568,454,0.20778337940326336
1569,51,0.14101159097840407
1570,480,0.22165904007528694
1571,344,0.3147536743173686
1572,220,0.3601993001425464
1573,456,0.3736437494206601
1574,456,0.20914818258594065
1575,715,0.2965939297125086
1576,778,0.30371499234736393
1577,423,0.2310021515916184
1578,413,0.23739587324793376
1579,778,0.26676911165045936
1580,456,0.32532884151279906
1581,155,0.2895025347907889
1582,456,0.31462815015368695
1583,396,0.2919488770793133
1584,778,0.27064225796557834
1585,573,0.3816727590335048
1586,570,0.25074298958932684
1587,456,0.3083500392452394
1588,102,0.23031139068441564
1589,456,0.3710973432787078
1590,456,0.2520065172435391
1591,420,0.3338812533144967
1592,183,0.2703164984825438
1593,387,0.18843705543266184
1594,37,0.2184919940501341
1595,602,0.21437835132184835
1596,145,0.20585783195071794
1597,367,0.27663384047742134
1598,817,0.299036630102353
1599,444,0.3327825669104408
1600,748,0.3877718929033981
1601,387,0.3645955913789189
1602,387,0.14992404979253776
1603,350,0.24201127020518953
1604,754,0.22740248387489043
1605,701,0.18337706293251615
1606,402,0.26117686585131444
1607,387,0.3007387669694595
1608,468,0.28711830312939307
1609,602,0.1971045913493524
1610,367,0.388990973717855
1611,157,0.1565371039073732
1612,852,0.240337893059065
1613,852,0.2942530987942133
1614,145,0.18614756303687896
1615,387,0.32801419519733843
1616,444,0.2936217638340282
1617,167,0.14623234525051054
1618,444,0.205457829764532
1619,654,0.4412166786161264
1620,389,0.19302264949467252
1621,444,0.32183144413109555
1622,254,0.12820530911876793
1623,37,0.21130046654630777
1624,74,0.26065450121102635
1625,754,0.2482391706289632
1626,367,0.1985227376957926
1627,510,0.23147506516442934
1628,602,0.26411631812216224
1629,852,0.3412089879778164
1630,817,0.24559099270207993
1631,444,0.3050166841314859
1632,37,0.2495203099602274
1633,45,0.28745913807908674
1634,145,0.15956646974989924
1635,6,0.28628561351662624
1636,6,0.3557614120001917
1637,444,0.39537732523322466
1638,6,0.22147689648262942
1639,844,0.24925630745048377
1640,715,0.34470811854080297
1641,610,0.2608691332868789
1642,295,0.26178946613234866
1643,45,0.3134947121882445
1644,194,0.24367615580451693
1645,444,0.3398561842081564
1646,818,0.2602626955188461
1647,444,0.36172829384874206
1648,444,0.22988395303479875
1649,387,0.2974631135338633
1650,37,0.21906372919081926
1651,602,0.19150019893773934
1652,72,0.23690321254599306
1653,317,0.2599723447053479
1654,357,0.16636854600437945
1655,351,0.2629214609703163
1656,444,0.3146696045359063
1657,6,0.15278248432613156
1658,852,0.25476783887497595
1659,109,0.2313593406762984
1660,444,0.24278854823142298
1661,602,0.24047964006177036
1662,302,0.24491679629793836
1663,113,0.2784148324587763
1664,113,0.37287822869415527
1665,817,0.2874110837057067
1666,529,0.15092242309910114
1667,444,0.3178321466470283
1668,553,0.2705311454859957
1669,113,0.20731514014595778
1670,612,0.2230372022839316
1671,553,0.29379256535414205
1672,444,0.3274251485862144
1673,118,0.19455740957373832
1674,654,0.33808572443401713
1675,420,0.1783988957169079
1676,61,0.3184593570840641
1677,444,0.2892859384212018
1678,444,0.36926087966545923
1679,197,0.23777041488999007
1680,444,0.2731258755673883
1681,693,0.20656138790664577
1682,778,0.322581772529445
1683,150,0.2566147417070045
1684,602,0.16931647921098195
1685,52,0.26830747812281125
1686,319,0.18094053029125473
1687,113,0.38863061646543345
1688,765,0.16495567190638583
1689,423,0.19294851118652057
1690,702,0.19458864435149187
1691,346,0.1507156013187382
1692,445,0.17903371746674995
1693,602,0.09734307469034546
1694,405,0.21980769049793292
1695,281,0.5496893765039892
1696,281,0.3289582966692402
1697,73,0.26387720352149696
1698,96,0.17832912480403504
1699,769,0.2018520425463544
1700,343,0.1894015037090252
1701,343,0.17427977315758095
1702,573,0.24732553912844332
1703,96,0.22591219289827727
1704,211,0.18918565433681342
1705,343,0.17348052457267396
1706,676,0.14344464463657033
1707,521,0.24874343914434185
1708,560,0.27480910913484025
1709,96,0.20504453726176025
1710,521,0.2833105203834159
1711,331,0.13043945375410465
1712,281,0.46422750331218454
1713,765,0.4512131873808648
1714,509,0.27293993705427444
1715,771,0.1353035053285962
1716,522,0.1313645037847037
1717,676,0.10630983402520387
1718,198,0.1648222927283464
1719,509,0.1749076371878521
1720,522,0.23918475005227458
1721,347,0.18389520999853243
1722,160,0.1335187999865371
1723,35,0.15028356419354577
1724,521,0.15759354141471746
1725,509,0.26053796469535107
1726,96,0.20889670803546218
1727,236,0.21468986939464613
1728,6,0.13784541321101101
1729,343,0.2675363024915036
1730,852,0.2890507546540585
1731,145,0.24443753189298958
1732,96,0.15677390979791472
1733,96,0.16071461717966215
1734,343,0.16725782198791012
1735,96,0.23411072715032147
1736,509,0.20614776556186587
1737,245,0.20404699845651847
1738,343,0.26195465658523404
1739,343,0.19140367257783678
1740,847,0.20099431571974768
1741,509,0.19643710170671694
1742,374,0.2601348420510328
1743,521,0.1102396471055844
1744,614,0.2006613606851557
1745,614,0.19991886503954
1746,614,0.20112972722635333
1747,35,0.21282289939740903
1748,281,0.23348561433484455
1749,347,0.1985260060930568
1750,675,0.3283173986593924
1751,445,0.2106259375293633
1752,37,0.17405690117019937
1753,33,0.21373440179884715
1754,767,0.2699164433193416
1755,343,0.3002335655018591
1756,675,0.18247973772476053
1757,409,0.19936674473858376
1758,96,0.2014469330653586
1759,615,0.15953010683972452
1760,477,0.1979092920332836
1761,522,0.27147667126554165
1762,465,0.3168958038425138
1763,236,0.22676749311101643
1764,765,0.21258195871469174
1765,405,0.17787384605548048
1766,37,0.23009426739736666
1767,437,0.2799294170136861
1768,406,0.20048974664645203
1769,509,0.13320936203053207
1770,281,0.28373763014503073
1771,700,0.21880328196311719
1772,343,0.20780273959487033
1773,701,0.14012355308686736
1774,442,0.32017040863891194
1775,343,0.21812594069116203
1776,281,0.31009301397038697
1777,71,0.1556815666178632
1778,701,0.2567279881691653
1779,475,0.16731811391021062
1780,405,0.19030726736116252
1781,696,0.21379076102513705
1782,567,0.3000603188838426
1783,35,0.2116584003496318
1784,516,0.17750340294348618
1785,96,0.26182060911467786
1786,96,0.16288436997036934
1787,765,0.2686132793649071
1788,343,0.24914284423774327
1789,96,0.3090069654036345
1790,602,0.29844231172576174
1791,765,0.20989346788427207
1792,480,0.2458760509241302
1793,409,0.27184589322404473
1794,281,0.3858635670302716
1795,522,0.1585996871463422
1796,281,0.3015929840026903
1797,765,0.20158179947363503
1798,475,0.18564772440956745
1799,374,0.32349041994894406
1800,522,0.3049829271910052
1801,575,0.20494482058930605
1802,146,0.39933332433993773
1803,768,0.2183642568933498
1804,768,0.1854292369602661
1805,96,0.1663700676807296
1806,6,0.12699074852678127
1807,281,0.3349532590115368
1808,420,0.3378940546144599
1809,420,0.28381729901329705
1810,573,0.30411983131310677
1811,180,0.29046756952803615
1812,567,0.2794842414598776
1813,420,0.29961009296209445
1814,180,0.20742705088172123
1815,420,0.36088621279845234
1816,778,0.33162032787527024
1817,420,0.27718957833871516
1818,423,0.2742861433882962
1819,573,0.3260085961271183
1820,778,0.32610592676198596
1821,778,0.28100488777279103
1822,423,0.23336154242857737
1823,778,0.3588938673052955
1824,573,0.33001933052525734
1825,573,0.3988719508674241
1826,573,0.19216652973038525
1827,456,0.34961467846312033
1828,420,0.3293438641141582
1829,778,0.32020141301566
1830,567,0.39857251339410177
1831,573,0.3739338051264524
1832,343,0.19732322031286179
1833,778,0.33223213516071015
1834,569,0.25730821699251605
1835,778,0.36959842307796975
1836,573,0.26371340977650165
1837,567,0.2949880480934533
1838,778,0.37681706023162015
1839,456,0.30047116128125884
1840,420,0.3258964229106554
1841,778,0.3610285463407743
1842,420,0.3521872260197362
1843,420,0.33192575095618937
1844,758,0.21545497522984872
1845,456,0.3706768763809154
1846,567,0.26962728950355036
1847,573,0.2801292631054833
1848,456,0.2069546164699604
1849,420,0.29313664297120445
1850,573,0.35169454836405306
1851,423,0.3074232474907879
1852,421,0.232776974427668
1853,567,0.30778116097158675
1854,804,0.24356630478267366
1855,776,0.3260926708902263
1856,573,0.32153285736745807
1857,573,0.3291863937970753
1858,420,0.2866334539565756
1859,420,0.33527872240839207
1860,222,0.2416904576207037
1861,573,0.30586015730435834
1862,694,0.22674005973603084
1863,778,0.3311099963279831
1864,573,0.36266773070289005
1865,454,0.24023796572032075
1866,573,0.3811804761022903
1867,852,0.21219979743281173
1868,778,0.45164966575752846
1869,456,0.3883424708094002
1870,778,0.22612747534368102
1871,620,0.17756671695075044
1872,778,0.34992703018780935
1873,420,0.30474528920221106
1874,420,0.3801239395650895
1875,573,0.3799981514937894
1876,778,0.3752162683278726
1877,573,0.291881447716885
1878,778,0.3616831109371959
1879,852,0.31919172046683786
1880,420,0.287911901845713
1881,456,0.33195470885759515
1882,573,0.39612377225248463
1883,778,0.2903018814680054
1884,420,0.32086077332761587
1885,573,0.3322937308540907
1886,420,0.25149167752311596
1887,573,0.36007310647540236
1888,573,0.25568756706095336
1889,402,0.206212303773677
1890,778,0.282542908640528
1891,573,0.30563524842642426
1892,778,0.39298997635526417
1893,420,0.30438594582347056
1894,573,0.29804900847196103
1895,286,0.2409581578088742
1896,454,0.17131993831846692
1897,420,0.2694030634114625
1898,679,0.36146530973840685
1899,573,0.3722203940559736
1900,573,0.31007114293558236
1901,420,0.38846226286676133
1902,573,0.3179392021318358
1903,567,0.2611028094146719
1904,830,0.21748046162806514
1905,778,0.3735087777297475
1906,778,0.3163160539256898
1907,573,0.4120309818414384
1908,573,0.2930192674565734
1909,456,0.29036878107022923
1910,567,0.33573566699911894
1911,778,0.22058364112696113
1912,456,0.30855026768470484
1913,420,0.3460413966006756
1914,456,0.3231578241881629
1915,573,0.3702762717008245
1916,420,0.4107611973432313
1917,778,0.24186530813370946
1918,420,0.32089484663960327
1919,456,0.3447384957513341
1920,573,0.3055977905653678
1921,420,0.3119834598134161
1922,456,0.2991184060149089
1923,420,0.37468649089662925
1924,343,0.35093416772782005
1925,573,0.2563040641432498
1926,746,0.2496435879942811
1927,852,0.1870498096733874
1928,160,0.12830138781953906
1929,37,0.24116249351030133
1930,343,0.1755612560212721
1931,405,0.1497266188997641
1932,63,0.28367719444228423
1933,405,0.3133087882933586
1934,405,0.32778763665727423
1935,405,0.3798172527444431
1936,405,0.35505800182907526
1937,405,0.2606066080766727
1938,405,0.33103004747941844
1939,405,0.390178870499114
1940,405,0.42616058232414544
1941,405,0.4069675647325504
1942,343,0.35454504097253237
1943,405,0.6122126459838722
1944,405,0.5552315747757572
1945,45,0.22774078287422733
1946,405,0.3459515392062567
1947,405,0.15130324638616782
1948,654,0.11620665617482369
1949,573,0.29628460221330927
1950,387,0.29028445688950144
1951,405,0.26033481641904277
1952,405,0.5389079528432026
1953,367,0.22625602710491874
1954,405,0.41754287502669574
1955,405,0.35393295767155797
1956,405,0.29728999847468934
1957,405,0.5282126006309469
1958,405,0.26785562132461316
1959,405,0.4553074062709024
1960,343,0.2189341781383636
1961,96,0.30255469361226217
1962,532,0.2431125025764953
1963,405,0.4185698214576667
1964,102,0.3747308667807408
1965,818,0.2104671178099553
1966,405,0.4349682876089435
1967,532,0.27631073136437534
1968,405,0.3846368815046398
1969,405,0.554433913795738
1970,405,0.5222615880722992
1971,405,0.45467620617466803
1972,405,0.5211644919287141
1973,574,0.17538479123661932
1974,573,0.40420745656808843
1975,237,0.22058815891226424
1976,405,0.44392109657874185
1977,343,0.3233831744914415
1978,405,0.433274603939491
1979,405,0.44644354969034183
1980,405,0.47820573578257913
1981,444,0.23046654589086393
1982,405,0.5779185492605443
1983,405,0.23536719528833008
1984,405,0.3477082446244955
1985,301,0.22771628653966747
1986,405,0.4612838994461899
1987,405,0.4569195633760915
1988,405,0.225897332789107
1989,69,0.26035582660484985
1990,405,0.44542250755365026
1991,343,0.2985909236513222
1992,405,0.4168226394186722
1993,405,0.6328785725986986
1994,405,0.17867000398267702
1995,111,0.12011215393664308
1996,343,0.4480857131294406
1997,405,0.40813970560546337
1998,343,0.379973629272083
1999,197,0.28751708020712696
2000,405,0.4072217184863817
2001,343,0.41117282196952293
2002,405,0.14210847423803366
2003,295,0.38566522154759003
2004,405,0.44477460698393567
2005,145,0.15815271570664183
2006,498,0.24235726843620284
2007,405,0.5550201631802486
2008,405,0.47644276439204786
2009,343,0.3517042523503805
2010,818,0.1799624977903791
2011,405,0.40510537147298326
2012,776,0.4722779647629258
2013,405,0.2977281902297158
2014,155,0.1582986898651827
2015,405,0.180125582402477
2016,405,0.503019989876109
2017,405,0.3995233469555753
2018,405,0.3774325005750186
2019,405,0.44507523501502616
2020,343,0.43753460439217196
2021,852,0.27289394564692865
2022,281,0.17581981902065513
2023,405,0.46068634507923245
2024,405,0.27013050734272226
2025,405,0.15598127125122144
2026,343,0.3608222394722818
2027,405,0.2955894829670143
2028,742,0.1749362633284592
2029,343,0.39523412525682217
2030,343,0.3347717309224161
2031,405,0.3973350507326772
2032,405,0.32216566708772365
2033,656,0.18086974115794077
2034,343,0.24750869746144935
2035,88,0.1600238810503707
2036,39,0.1308582042292564
2037,522,0.1530307377663574
2038,678,0.17630653199228138
2039,623,0.1789050380515897
2040,542,0.12289776445208192
2041,10,0.2644695099796328
2042,545,0.2502111699691983
2043,37,0.19537525964514357
2044,155,0.1882201729567445
2045,340,0.30036363742716926
2046,641,0.18398510782867153
2047,541,0.23132800893338906
2048,541,0.22182113033493653
2049,754,0.27591152440432576
2050,659,0.2599430883346797
2051,112,0.21617563896529352
2052,112,0.2802898676908737
2053,112,0.26228004781915876
2054,154,0.25895764112146685
2055,550,0.1691382469454145
2056,550,0.24314245847276286
2057,654,0.23433620949016498
2058,545,0.23310327629981964
2059,449,0.21659879914615077
2060,154,0.3009564400287331
2061,754,0.25217177728711576
2062,154,0.3424302567953421
2063,113,0.3651418046649774
2064,154,0.2196864149546976
2065,550,0.2635929970167885
2066,232,0.39171885917538474
2067,378,0.294667243061809
2068,155,0.20457194024535266
2069,132,0.15515651888523352
2070,715,0.28742584000912746
2071,654,0.28991389854432886
2072,106,0.24873995305252755
2073,232,0.22592512823647623
2074,157,0.23041378835678109
2075,807,0.1885825169320276
2076,714,0.21530576407306784
2077,841,0.29240729331673154
2078,757,0.24928044947102762
2079,475,0.33050939504936594
2080,715,0.23688208870634161
2081,541,0.23143014244735696
2082,232,0.21338895370336033
2083,721,0.19856473113121803
2084,683,0.1827306591245473
2085,545,0.2879897142428491
2086,106,0.36882290350691543
2087,689,0.22994666821822346
2088,278,0.1945392636571934
2089,702,0.25103061493773104
2090,709,0.32276364969729293
2091,709,0.28382732479623823
2092,519,0.27879970660402925
2093,754,0.30242779316314866
2094,154,0.21364544275783223
2095,113,0.3378502109651137
2096,232,0.1930339190744673
2097,106,0.31170774636814025
2098,154,0.2594936896484108
2099,543,0.1988052256920787
2100,113,0.25123186461232244
2101,654,0.34253080431237276
2102,542,0.1567701091934473
2103,387,0.22641234908389266
2104,154,0.31302366980483176
2105,112,0.20073470103877852
2106,396,0.2719171049046163
2107,841,0.17242368239294997
2108,541,0.2923488886859727
2109,804,0.22585589405556925
2110,113,0.1814676501812642
2111,89,0.2107134669635861
2112,713,0.20711061302964323
2113,550,0.22107552387886903
2114,623,0.2599109029662924
2115,755,0.27241184803147644
2116,474,0.20134052061309482
2117,231,0.237612361292311
2118,543,0.18784476086196006
2119,109,0.21990697222537284
2120,340,0.24767260622199902
2121,309,0.17574698020086543
2122,754,0.29190536112153653
2123,232,0.23396475805642836
2124,113,0.22045596427818415
2125,197,0.24051313787888942
2126,654,0.2081843662803846
2127,654,0.26980093336533206
2128,232,0.3442098423065145
2129,622,0.1417837301997843
2130,264,0.2808904236203454
2131,278,0.30868521203388455
2132,709,0.2452188576130895
2133,807,0.2246716177513439
2134,755,0.32481334709106185
2135,154,0.23686642438482583
2136,550,0.3008304813475047
2137,301,0.18581438968610353
2138,232,0.21753920991472964
2139,113,0.23547375528792164
2140,338,0.18562041311194472
2141,750,0.1994426309043974
2142,454,0.2196099876937068
2143,230,0.30921590235497726
2144,357,0.199210145730226
2145,105,0.23824660583506302
2146,277,0.17100217154986957
2147,340,0.2912062952946677
2148,232,0.1856839671444556
2149,47,0.22874177167146365
2150,444,0.24057341951763195
2151,456,0.25886198425982404
2152,295,0.14382868774796947
2153,728,0.1609833482032887
2154,529,0.385063334758697
2155,529,0.25730778538584237
2156,149,0.15623878029776408
2157,758,0.21825362229565842
2158,775,0.1956852769989521
2159,529,0.4233324412218183
2160,295,0.25881237208699925
2161,715,0.24290566624653656
2162,620,0.1777182976817511
2163,457,0.1251666007196756
2164,852,0.28523890638572436
2165,529,0.26636524014329443
2166,295,0.2674953485619169
2167,804,0.24670329180149098
2168,529,0.22042543795315084
2169,774,0.2762975625795621
2170,852,0.25625732342627866
2171,544,0.17829981386341529
2172,420,0.2749271620269527
2173,529,0.28436918397864297
2174,529,0.3456642763462463
2175,689,0.16367910375183897
2176,529,0.3085311925841231
2177,852,0.16976147503656258
2178,758,0.2259536526235316
2179,529,0.34155396489635864
2180,460,0.2473406663697857
2181,61,0.2330810769979604
2182,52,0.34338747882171144
2183,727,0.2591507016257579
2184,472,0.24723191127410254
2185,758,0.39822032589295386
2186,689,0.28678625918196127
2187,758,0.2398517028660925
2188,529,0.3640730062535547
2189,758,0.21793973618811985
2190,281,0.4853885264241445
2191,769,0.2994391511787102
2192,529,0.3345953678793301
2193,190,0.282341983766857
2194,529,0.2597424056150982
2195,774,0.23605226440687038
2196,448,0.21610311445687438
2197,480,0.2068724847003958
2198,456,0.2826875793846605
2199,374,0.28434968172564185
2200,345,0.2628690820507835
2201,465,0.19637973510933357
2202,281,0.4101265436207853
2203,456,0.24736621463544614
2204,460,0.22138992313921016
2205,529,0.22653535981703274
2206,460,0.2797388910481286
2207,155,0.2726234095742926
2208,113,0.29570225404782796
2209,778,0.297830239698377
2210,747,0.2823808949259847
2211,472,0.2960086293421629
2212,456,0.1514569325423586
2213,431,0.1971577326692299
2214,47,0.299634856088527
2215,852,0.2456836967805978
2216,689,0.2602563978203117
2217,155,0.3381671088248633
2218,852,0.22020350984491482
2219,460,0.20063924725260965
2220,374,0.2831494478591059
2221,456,0.3575237633127568
2222,519,0.3227663690986347
2223,275,0.1543340814715314
2224,776,0.43193021889501976
2225,472,0.2617605466354993
2226,205,0.23839390101263347
2227,399,0.32385267133271406
2228,449,0.15787480202361234
2229,715,0.3359933606115766
2230,529,0.2791696079037525
2231,702,0.31839368221502734
2232,413,0.2936286528937812
2233,402,0.26504273670082945
2234,412,0.26512301900985064
2235,295,0.2209718400715691
2236,456,0.2791678528835104
2237,841,0.30231972043739835
2238,529,0.37119038060000326
2239,529,0.36362413923150966
2240,109,0.3752270554389017
2241,113,0.2879308216060712
2242,769,0.2606988979537301
2243,830,0.2168956336317155
2244,52,0.32480625057330126
2245,529,0.31185035466466354
2246,852,0.2799893379842394
2247,529,0.260046168994987
2248,113,0.18584779162423995
2249,529,0.30275774396730215
2250,778,0.2840645949326397
2251,52,0.22515616804240646
2252,726,0.40058575042356037
2253,149,0.21486765993795254
2254,456,0.2503530232660526
2255,193,0.28548604010864265
2256,102,0.2528512232543492
2257,529,0.34308238149544446
2258,727,0.20852852198336422
2259,566,0.15847558340045045
2260,708,0.24434591097558991
2261,573,0.33858717972172503
2262,61,0.2583598123333281
2263,644,0.2813877733596348
2264,475,0.3258021741774906
2265,750,0.30386823066238344
2266,475,0.24103933825611337
2267,75,0.1336546580877089
2268,612,0.16534924891347874
2269,475,0.23585650539078767
2270,157,0.181762060518727
2271,475,0.36916131330856333
2272,750,0.2766048865429361
2273,475,0.30856788733725987
2274,176,0.2539653650253641
2275,475,0.16171680966766203
2276,475,0.36500073340091466
2277,475,0.3480430898446731
2278,475,0.34149170346932894
2279,475,0.32319585528433575
2280,475,0.2380333684024211
2281,475,0.4895066925859368
2282,475,0.16955637200815601
2283,475,0.29990042778487047
2284,472,0.17288621614466623
2285,475,0.3280993173670712
2286,650,0.3913531980722223
2287,6,0.20934386832281746
2288,750,0.3535806041002885
2289,679,0.207284816190741
2290,399,0.22593441692149943
2291,475,0.31338895178084103
2292,709,0.22479248725906145
2293,770,0.43927156715628074
2294,529,0.3520065110086569
2295,650,0.21555078070091388
2296,802,0.18154201940330136
2297,583,0.19256848553033523
2298,444,0.24738503750395865
2299,475,0.390338552627233
2300,475,0.22346501737195018
2301,345,0.2234407855056915
2302,475,0.18186519296819414
2303,656,0.23688908382986487
2304,475,0.23927003120838986
2305,750,0.27424545497312414
2306,475,0.39377496852324345
2307,157,0.13554774405224962
2308,113,0.44942068965810866
2309,475,0.2763064767124512
2310,448,0.1728650639430796
2311,475,0.4117137738882492
2312,387,0.2544155632959892
2313,748,0.26100389967900217
2314,437,0.2219556910669842
2315,714,0.23484696013566161
2316,852,0.2352487867084014
2317,759,0.33371533803831116
2318,475,0.4126721566934052
2319,545,0.2619148836002356
2320,763,0.18490079647837565
2321,744,0.21821021428752505
2322,357,0.194992622932219
2323,479,0.24922385231579522
2324,119,0.2246491508900109
2325,345,0.15912048494215417
2326,650,0.2374676597795461
2327,475,0.17703792168363006
2328,437,0.33514545129790524
2329,232,0.28436787475299813
2330,397,0.4051113393860111
2331,475,0.32620156753133517
2332,445,0.17325526792497475
2333,475,0.2185889575238219
2334,597,0.24915229116513143
2335,123,0.23418372611925428
2336,475,0.21297307287111525
2337,402,0.3003273800119877
2338,818,0.12778611103376766
2339,475,0.17317531843669268
2340,366,0.14038442922321714
2341,475,0.24896098042259368
2342,437,0.2985013911792251
2343,505,0.18385775632566484
2344,650,0.19272867559665996
2345,119,0.2243138510507327
2346,45,0.3721444163775476
2347,123,0.22152801063112984
2348,852,0.2651497836738982
2349,650,0.13569277022120074
2350,504,0.2398677423949253
2351,475,0.27463933384256184
2352,775,0.30534297015172873
2353,691,0.32141622908167733
2354,387,0.21311040999722378
2355,679,0.3430647998146703
2356,180,0.2115058028996949
2357,712,0.1943956138947861
2358,759,0.19189370655027707
2359,157,0.2493154537310346
2360,10,0.19439313488330556
2361,410,0.19478274341221416
2362,470,0.19188516737312836
2363,123,0.20189925903852385
2364,197,0.24898887166420794
2365,154,0.24102116148228137
2366,656,0.22115163493658543
2367,522,0.1766677540529574
2368,146,0.12603868422032496
2369,852,0.303649100413678
2370,146,0.19212783290522045
2371,223,0.20620610480170837
2372,281,0.14446419032111807
2373,585,0.26551145494631734
2374,804,0.24042799201795736
2375,443,0.18648983467635685
2376,219,0.141346493543786
2377,738,0.24294262207013845
2378,73,0.19267962158877855
2379,630,0.14183981755539296
2380,366,0.15045286675814853
2381,90,0.14903221482756937
2382,523,0.17660601488719788
2383,530,0.13846185884054876
2384,410,0.1345778791856489
2385,769,0.20255350280034748
2386,73,0.3973433726156863
2387,807,0.18672256104412935
2388,366,0.1866460898529369
2389,744,0.15329854269057933
2390,465,0.1861242052331431
2391,236,0.16112614002771067
2392,72,0.16375845555550153
2393,146,0.1505627377376553
2394,852,0.3591850953339845
2395,13,0.3209911075646295
2396,160,0.2601882031120309
2397,348,0.18844270347436365
2398,37,0.25331288994478374
2399,437,0.45356920397268985
2400,149,0.2128550589240482
2401,524,0.13319941524109086
2402,852,0.17184122151144812
2403,521,0.1564546536606999
2404,73,0.222116226033165
2405,146,0.13052732868114716
2406,744,0.18120110349150223
2407,348,0.18200349899294618
2408,805,0.1512004909383171
2409,348,0.20438924308292084
2410,475,0.17665679906858983
2411,532,0.18927298513495813
2412,818,0.15977272808075613
2413,37,0.22683906228018133
2414,559,0.08225461548979822
2415,456,0.3696732604636817
2416,73,0.2954722596233638
2417,522,0.21791247965138708
2418,585,0.17547140101661207
2419,656,0.4259130216015988
2420,344,0.1966892956496674
2421,146,0.15712983083446982
2422,37,0.20403082385301854
2423,149,0.17523085685498957
2424,96,0.12226902507639735
2425,61,0.18233467773435552
2426,744,0.21128712565955393
2427,818,0.16246542092582536
2428,151,0.17140455033029708
2429,538,0.19276191690654748
2430,852,0.26939528246005523
2431,73,0.18432233659075067
2432,818,0.163560937837376
2433,638,0.09677500388674816
2434,620,0.18653384563779055
2435,146,0.13230612346571263
2436,530,0.16681799888049398
2437,487,0.20408219792149154
2438,146,0.14397340727138663
2439,818,0.1109798114550862
2440,222,0.21455682469057644
2441,281,0.18428245052018302
2442,37,0.23540574642278167
2443,437,0.29006960103335644
2444,72,0.20949369249576894
2445,559,0.13347215394543985
2446,146,0.15565287201159272
2447,69,0.22363286067955637
2448,88,0.15813102363082918
2449,852,0.20498886513864892
2450,352,0.23213708721838197
2451,281,0.6287627966541843
2452,146,0.14938822122805828
2453,96,0.12686451138502963
2454,217,0.191871100484802
2455,197,0.2117041215022799
2456,223,0.1748726521604083
2457,34,0.2022267218918269
2458,683,0.19875836885733728
2459,585,0.1950276391776031
2460,744,0.15402365058516135
2461,197,0.2115116638957018
2462,852,0.19313197233624532
2463,548,0.08255713370844969
2464,852,0.27593051887091147
2465,437,0.17575250985182472
2466,149,0.1856861308856145
2467,72,0.32731647775034856
2468,149,0.19208662394083284
2469,226,0.2730058974391889
2470,818,0.1348752737257065
2471,751,0.12445146869614586
2472,802,0.18575653246556326
2473,763,0.2858429884083659
2474,805,0.19990287774225968
2475,236,0.2321420106107094
2476,281,0.20035867183380024
2477,41,0.26673177648996804
2478,442,0.2831264025557929
2479,203,0.14073262478286408
2480,301,0.23981790494688163
2481,45,0.24570858443801746
2482,599,0.21531886344762408
2483,72,0.20949369249576894
